MARCA,MODELO,ENLACE
ANA HICKMANN,AH1350-07A,https://images.tcdn.com.br/img/img_prod/1365112/ana_hickmann_ah1350_07a_2379_1_cb21a77ac046893fb154117a23c007dc.jpg
ANA HICKMANN,AH1353-04AS,https://oculosshop.com.br/cdn/shop/products/ana-hickmann-ah-1353-oculos-de-grau-04a-dourado-e-vermelho-mesclado-brilho-lente-5-5-cm_510f237d-cbd1-4428-ba88-cc845d061d90.jpg?v=1763463827
ANA HICKMANN,AH1353-04D,https://http2.mlstatic.com/D_NQ_NP_942518-MLB42494121619_072020-O.webp
ANA HICKMANN,AH1440-01A,https://imgs.casasbahia.com.br/1576724450/1xg.jpg?imwidth=1000
ANA HICKMANN,AH MARI-7 D21,https://loja.oticaademar.com.br/image/cache/catalog/Produtos/59475%20-%20Armacao%20Ana%20Hickmann%20MARI%207%20D21%2054-16%2001-800x800.jpg
ANA HICKMANN,AH MARI-7 N01,https://loja.oticaademar.com.br/image/cache/catalog/Produtos/59476%20-%20Armacao%20Ana%20Hickmann%20MARI%207%20N01%2054-16%2001-800x800.jpg
ANA HICKMANN,AH NINA-3 N01,https://loja.oticaademar.com.br/image/cache/catalog/Produtos/59481%20-%20Armacao%20Ana%20Hickmann%20NINA%203%20N01%2054-17%2001-800x800.jpg
ANA HICKMANN,AH NINA-4 N01,https://loja.oticaademar.com.br/image/cache/catalog/Produtos/60706%20-%20Armacao%20Ana%20Hickmann%20NINA%204%20C02%2053-16%2001-350x350.jpg
ANA HICKMANN,AH RAFA-1 01A,https://anahickmanneyewear.com.br/wp-content/uploads/2025/04/RAFA-1-01A.png
ANA HICKMANN,AH RAFA-1 04A,https://cdn.sistemawbuy.com.br/arquivos/6e5a6d1d71db14f406a72b8dc627ea0a/produtos/681a3f6353220/16308-3b07c47c-1688-4ea1-8d98-b9070a53108c-681a3f63b5075.jpeg
ANA HICKMANN,AH RAFA-1 05A,https://images.tcdn.com.br/img/img_prod/1365112/ana_hickmann_rafa_1_05a_3733_2_c06fe6815101532b41bbd0cbf6e352e8.jpg
ANA HICKMANN,AH10011-07A,https://a-static.mlcdn.com.br/%7Bw%7Dx%7Bh%7D/armacao-ana-hickmann-ah10011-07a/olistplus/o2e0tvctivjd9mfz/7241f393e7732e6c599a454acdf5b8a3.jpeg
ANA HICKMANN,AH10055-07A,https://oticaview.com.br/media/catalog/product/_/c/_culos_de_grau_ana_hickmann_ah10055_07a_54_2_.jpg
ANA HICKMANN,AH10055-08A,https://a-static.mlcdn.com.br/%7Bw%7Dx%7Bh%7D/armacao-ana-hickmann-ah10055-08a/oliststore/mgln110pecsaaw6f/f1884ee598eb8f8041d15d70679f0b1c.jpeg
ANA HICKMANN,AH10056-01A,https://www.safira.com.br/cdn/imagens/produtos/det/armacao-feminina-ana-hickmann-ah10056-01a-ef11df78460b2383aad0dc8af7365f33.jpg
ANA HICKMANN,AH10056-07A,https://a-static.mlcdn.com.br/280x210/ana-hickmann-ah10056-08a-55-17/oticaviewsiteoficial/38675/df35eebfa27af79a539825ef0e352715.jpeg
ANA HICKMANN,AH10057-04B,https://encrypted-tbn0.gstatic.com/images?q=tbn:ANd9GcSYhZe24NUV5qaKpsUK58Hq5uUeIewgdAwu4A&s
ANA HICKMANN,AH10057-05A,https://encrypted-tbn0.gstatic.com/images?q=tbn:ANd9GcT-H1UEm_vNliOjthxC1HWAPic61R2KFCOXeg&s
ANA HICKMANN,AH10058-04A,https://www.safira.com.br/cdn/imagens/produtos/det/armacao-feminina-ana-hickmann-ah10058-04a-77e0780af9b686dd5d78f92e9494ac6e.jpg
ANA HICKMANN,AH10058-05A,https://images.tcdn.com.br/img/img_prod/1084939/oculos_de_grau_ana_hickmann_ar_ah10058_05a_56_feminino_gatinho_5078_1_51acd53e81e97a5899b3e8b179d27e87.jpg
ANA HICKMANN,AH10060-05A,https://www.safira.com.br/cdn/imagens/produtos/det/armacao-feminina-ana-hickmann-ah10060-05a-23ece96afebbe1868e3337b6cc437628.jpg
ANA HICKMANN,AH10069-07A,https://loja.oticaademar.com.br/image/cache/catalog/Produtos/59466%20-%20Armacao%20Ana%20Hickmann%20BEL%201%20AH10069%2001B%2053-16%2001-800x800.jpg
ANA HICKMANN,AH10069-12A,https://loja.oticaademar.com.br/image/cache/catalog/Produtos/59466%20-%20Armacao%20Ana%20Hickmann%20BEL%201%20AH10069%2001B%2053-16%2001-800x800.jpg
ANA HICKMANN,AH10070-01A,https://loja.oticaademar.com.br/image/cache/catalog/Produtos/59467%20-%20Armacao%20Ana%20Hickmann%20BEL%202%20AH10070%2001A%2055-17%2001-800x800.jpg
ANA HICKMANN,AH10070-06A,https://carrefourbr.vtexassets.com/arquivos/ids/190549666/image-0.jpg?v=638804253734700000
ANA HICKMANN,AH10070-13A,https://loja.oticaademar.com.br/image/cache/catalog/Produtos/59467%20-%20Armacao%20Ana%20Hickmann%20BEL%202%20AH10070%2001A%2055-17%2001-800x800.jpg
ANA HICKMANN,AH60003-H01,https://www.safira.com.br/cdn/imagens/produtos/det/oculos-de-grau-ana-hickmann-ah60003-h01-ce48fdef3c8b109b531900eccb2e88a9.jpg
ANA HICKMANN,AH60006-K01,https://encrypted-tbn0.gstatic.com/images?q=tbn:ANd9GcRRPDx7fkLy-35jRTquHV7xU4UT8X9TGuLzvg&s
ANA HICKMANN,AH60007-A01,https://a-static.mlcdn.com.br/%7Bw%7Dx%7Bh%7D/armacao-de-oculos-ana-hickmann-ah60007-a01-preto-brilho/lojasolare/ah60007-a01-v/14768adee83958a7ae295becb209dea4.jpeg
ANA HICKMANN,AH60013-G23,https://www.oticaperfil.com.br/image/cache/catalog/Ana-Hickmann-Grau/Ana-Hickmann-AH-60013-G23-54-1000x1000.png
ANA HICKMANN,AH60018-A01,https://loja.oticaademar.com.br/image/cache/catalog/Produtos//47247%20-%20Armacao%20Ana%20Hickmann%20AH60018%20A01%2054-16%2001-800x800.jpg
ANA HICKMANN,AH60019-A01,https://loja.oticaademar.com.br/image/cache/catalog/Produtos//47249%20-%20Armacao%20Ana%20Hickmann%20AH60019%20A01%2055-15%2001-800x800.jpg
ANA HICKMANN,AH60042-D01,https://images.tcdn.com.br/img/img_prod/877056/oculos_de_grau_ana_hickmann_feminino_ah60042_d01_13689_1_6bc7e996ae1876005b431d7e5111ed21.jpg
ANA HICKMANN,AH60047-G02,https://oculosshop.com.br/cdn/shop/files/56586.jpg?crop=center&height=1024&v=1723159761&width=1024
ANA HICKMANN,AH60057-A01,https://encrypted-tbn0.gstatic.com/images?q=tbn:ANd9GcSGGXvzWWarxcYb7DcsFd-B9X0keLABvfHAcw&s
ANA HICKMANN,AH60065-A01,https://encrypted-tbn0.gstatic.com/images?q=tbn:ANd9GcQLuCtV-uPqpH0UvQhmSNlZF8RaEc7y4-G_WQ&s
ANA HICKMANN,AH60078-A03,https://loja.oticaademar.com.br/image/cache/catalog/Produtos//52501%20-%20Armacao%20Ana%20Hickmann%20AH60078%20A03%2052-19%2001-800x800.jpg
ANA HICKMANN,AH60083-A01,https://encrypted-tbn0.gstatic.com/images?q=tbn:ANd9GcQjqmLrIySsAQb5Heu0J1zsvhmMM67EvRanyg&s
ANA HICKMANN,AH60083-D01,https://encrypted-tbn0.gstatic.com/images?q=tbn:ANd9GcSsj22xc_8F4CCpUB7e0DesnuGFSfXR8rR0CQ&s
ANA HICKMANN,AH6383N-A01,https://lauriaoculos.com/wp-content/uploads/2022/02/AH6383N-A01.jpg
ANA HICKMANN,AH6384N-A01,https://lenshop.gr/images/products/original/ana-hickmann-ah6384-a01.jpg
ANA HICKMANN,AH6384N-G01,https://oticasdiniz.vtexassets.com/arquivos/ids/567836-495.1-495.1?v=638488134247830000&width=495.1&height=495.1&aspect=true
ANA HICKMANN,AH6384N-G21,https://lenshop.gr/images/products/original/ana-hickmann-ah6384-g21.jpg
ANA HICKMANN,AH6407N-A01,https://m.media-amazon.com/images/I/41vUhdmCSyL.jpg
ANA HICKMANN,AH6421N-H01A,https://encrypted-tbn0.gstatic.com/images?q=tbn:ANd9GcQiQjNddNjH8k7y9qLh1H8wJ0YdThLzFfJfGw&s
ANA HICKMANN,AH90020-A01,https://oculosshop.com.br/cdn/shop/files/56266A.jpg?v=1692213144
ANA HICKMANN,AH90020-D21,https://oculosshop.com.br/cdn/shop/files/56267A.jpg?v=1692213105
ANA HICKMANN,HI10025-05A,https://oculosshop.com.br/cdn/shop/files/56256_grande.jpg?v=1734534988
ANA HICKMANN,HI10047-04A,https://cdn.sistemawbuy.com.br/arquivos/de0f9d459e6b0537fbed094b2cdd7dba/produtos/665799776dea5/hi10047-04a-6659ba3638f1c_mini.jpg
ANA HICKMANN,HI10047-09A,https://imgs.extra.com.br/1570709409/1xg.jpg?imwidth=500
ANA HICKMANN,HI10048-04A,https://cdn.sistemawbuy.com.br/arquivos/de0f9d459e6b0537fbed094b2cdd7dba/produtos/668fde26dafaa/a-6728cdeaa10f1.jpg
ANA HICKMANN,HI10049-05A,https://oculosshop.com.br/cdn/shop/files/101053_1.jpg?crop=center&height=1024&v=1727714814&width=1024
ANA HICKMANN,HI10050-09A,https://loja.oticaademar.com.br/image/cache/catalog/Produtos/53633%20-%20Armacao%20Hickmann%20GARDENIA%201%20HI10050%2009A%2054-18%2001-800x800.jpg
ANA HICKMANN,HI10058-09C,https://www.safira.com.br/cdn/imagens/produtos/det/armacao-feminina-ana-hickmann-hi10058-09c-4d3a6fa71cf53442c8574e716dd99fe8.jpg
ANA HICKMANN,HI10058-13C,https://oculosshop.com.br/cdn/shop/files/101054-1.jpg?v=1727714989&width=2000
ANA HICKMANN,HI10060-01A,https://oculosshop.com.br/cdn/shop/files/102933_1.jpg?v=1743794794
ANA HICKMANN,HI10060-06A,https://http2.mlstatic.com/D_NQ_NP_983173-MLA95604340215_102025-O.webp
